{"cameraMode":{"drawMode":0,"name":"Shaded","section":"Shading Mode"},"sceneLighting":false,"audioPlay":false,"sceneViewState":{"m_AlwaysRefresh":false,"showFog":true,"showSkybox":false,"showFlares":true,"showImageEffects":true,"showParticleSystems":true,"showVisualEffectGraphs":true,"m_FxEnabled":true},"in2DMode":false,"pivot":{"x":5.787074089050293,"y":2.1805953979492189,"z":6.33497953414917},"rotation":{"x":0.049841322004795077,"y":0.32374337315559389,"z":0.016456183046102525,"w":-0.9449983835220337},"size":0.3071524500846863,"orthographic":false}